query	sample_accession	ani	species	N50	completeness	mlst_st
190684_1930356.fas	SAMEA114226813	0.9993	Neisseria meningitidis	39122	98.65	485
190673_1926231.fas	SAMEA114226813	0.9993	Neisseria meningitidis	39122	98.65	485
190683_1930355.fas	SAMEA114226813	0.9993	Neisseria meningitidis	39122	98.65	485
190682_1930357.fas	SAMEA114226813	0.9993	Neisseria meningitidis	39122	98.65	485
190685_1930358.fas	SAMEA114226813	0.9993	Neisseria meningitidis	39122	98.65	485
190685_1930358.fas	SAMEA112237032	0.9993	Neisseria meningitidis	44157	98.76	485
190684_1930356.fas	SAMEA112237032	0.9993	Neisseria meningitidis	44157	98.76	485
190682_1930357.fas	SAMEA112237032	0.9993	Neisseria meningitidis	44157	98.76	485
190683_1930355.fas	SAMEA112237032	0.9993	Neisseria meningitidis	44157	98.76	485
190673_1926231.fas	SAMEA112237032	0.9993	Neisseria meningitidis	44157	98.76	485
190685_1930358.fas	SAMEA114226770	0.9993	Neisseria meningitidis	54288	98.65	485
190682_1930357.fas	SAMEA114226770	0.9993	Neisseria meningitidis	54288	98.65	485
190684_1930356.fas	SAMEA114226770	0.9993	Neisseria meningitidis	54288	98.65	485
190673_1926231.fas	SAMEA114226770	0.9993	Neisseria meningitidis	54288	98.65	485
190683_1930355.fas	SAMEA114226770	0.9993	Neisseria meningitidis	54288	98.65	485
190684_1930356.fas	SAMEA8497861	0.9990	Neisseria meningitidis	53098	98.76	485
190685_1930358.fas	SAMEA8497861	0.9990	Neisseria meningitidis	53098	98.76	485
190683_1930355.fas	SAMEA8497861	0.9990	Neisseria meningitidis	53098	98.76	485
190673_1926231.fas	SAMEA8497861	0.9990	Neisseria meningitidis	53098	98.76	485
190682_1930357.fas	SAMEA8497861	0.9990	Neisseria meningitidis	53098	98.76	485
190683_1930355.fas	SAMEA114226834	0.9990	Neisseria meningitidis	51716	98.76	485
190682_1930357.fas	SAMEA114226834	0.9990	Neisseria meningitidis	51716	98.76	485
190673_1926231.fas	SAMEA114226834	0.9990	Neisseria meningitidis	51716	98.76	485
190684_1930356.fas	SAMEA114226834	0.9990	Neisseria meningitidis	51716	98.76	485
190685_1930358.fas	SAMEA114226834	0.9990	Neisseria meningitidis	51716	98.76	485
190685_1930358.fas	SAMEA13635354	0.9990	Neisseria meningitidis	49350	98.65	16977
190683_1930355.fas	SAMEA13635354	0.9990	Neisseria meningitidis	49350	98.65	16977
190684_1930356.fas	SAMEA13635354	0.9990	Neisseria meningitidis	49350	98.65	16977
190682_1930357.fas	SAMEA13635354	0.9990	Neisseria meningitidis	49350	98.65	16977
190673_1926231.fas	SAMEA13635354	0.9990	Neisseria meningitidis	49350	98.65	16977
190685_1930358.fas	SAMEA113429874	0.9989	Neisseria meningitidis	64177	98.65	485
190683_1930355.fas	SAMEA113429874	0.9989	Neisseria meningitidis	64177	98.65	485
190682_1930357.fas	SAMEA113429874	0.9989	Neisseria meningitidis	64177	98.65	485
190684_1930356.fas	SAMEA113429874	0.9989	Neisseria meningitidis	64177	98.65	485
190683_1930355.fas	SAMEA113563123	0.9989	Neisseria meningitidis	64177	98.65	485
190673_1926231.fas	SAMEA113563123	0.9989	Neisseria meningitidis	64177	98.65	485
190682_1930357.fas	SAMEA113563123	0.9989	Neisseria meningitidis	64177	98.65	485
190685_1930358.fas	SAMEA113563123	0.9989	Neisseria meningitidis	64177	98.65	485
190673_1926231.fas	SAMEA113429874	0.9989	Neisseria meningitidis	64177	98.65	485
190684_1930356.fas	SAMEA113563123	0.9989	Neisseria meningitidis	64177	98.65	485
190683_1930355.fas	SAMEA114226823	0.9988	Neisseria meningitidis	57480	98.76	485
190684_1930356.fas	SAMEA114226823	0.9988	Neisseria meningitidis	57480	98.76	485
190685_1930358.fas	SAMEA114226794	0.9988	Neisseria meningitidis	60281	98.65	485
190683_1930355.fas	SAMEA114226790	0.9988	Neisseria meningitidis	54176	98.65	485
190673_1926231.fas	SAMEA114226823	0.9988	Neisseria meningitidis	57480	98.76	485
190682_1930357.fas	SAMEA114226823	0.9988	Neisseria meningitidis	57480	98.76	485
190673_1926231.fas	SAMEA114226794	0.9988	Neisseria meningitidis	60281	98.65	485
190682_1930357.fas	SAMEA114226794	0.9988	Neisseria meningitidis	60281	98.65	485
190684_1930356.fas	SAMEA114226794	0.9988	Neisseria meningitidis	60281	98.65	485
190685_1930358.fas	SAMEA114226823	0.9988	Neisseria meningitidis	57480	98.76	485
190683_1930355.fas	SAMEA114226794	0.9988	Neisseria meningitidis	60281	98.65	485
190685_1930358.fas	SAMEA114226790	0.9988	Neisseria meningitidis	54176	98.65	485
190684_1930356.fas	SAMEA114226790	0.9988	Neisseria meningitidis	54176	98.65	485
190682_1930357.fas	SAMEA114226790	0.9988	Neisseria meningitidis	54176	98.65	485
190673_1926231.fas	SAMEA114226790	0.9988	Neisseria meningitidis	54176	98.65	485
190685_1930358.fas	SAMEA10422652	0.9988	Neisseria meningitidis	29274	98.65	485
190683_1930355.fas	SAMEA10422652	0.9988	Neisseria meningitidis	29274	98.65	485
190673_1926231.fas	SAMEA10422652	0.9988	Neisseria meningitidis	29274	98.65	485
190684_1930356.fas	SAMEA10422652	0.9988	Neisseria meningitidis	29274	98.65	485
190682_1930357.fas	SAMEA10422652	0.9988	Neisseria meningitidis	29274	98.65	485
190682_1930357.fas	SAMEA6102724	0.9988	Neisseria meningitidis	57618	98.65	485
190684_1930356.fas	SAMEA6102724	0.9988	Neisseria meningitidis	57618	98.65	485
190685_1930358.fas	SAMEA6102724	0.9988	Neisseria meningitidis	57618	98.65	485
190673_1926231.fas	SAMEA6102724	0.9988	Neisseria meningitidis	57618	98.65	485
190683_1930355.fas	SAMEA6102724	0.9988	Neisseria meningitidis	57618	98.65	485
190673_1926231.fas	SAMEA4493246	0.9987	Neisseria meningitidis	23180	98.65	485
190684_1930356.fas	SAMEA4493246	0.9987	Neisseria meningitidis	23180	98.65	485
190685_1930358.fas	SAMEA4493246	0.9987	Neisseria meningitidis	23180	98.65	485
190682_1930357.fas	SAMEA4493246	0.9987	Neisseria meningitidis	23180	98.65	485
190683_1930355.fas	SAMEA4493246	0.9987	Neisseria meningitidis	23180	98.65	485
190682_1930357.fas	SAMEA4493244	0.9987	Neisseria meningitidis	24325	98.65	485
190684_1930356.fas	SAMEA3506859	0.9987	Neisseria meningitidis	25546	98.65	485
190673_1926231.fas	SAMEA4493244	0.9987	Neisseria meningitidis	24325	98.65	485
190685_1930358.fas	SAMEA3506859	0.9987	Neisseria meningitidis	25546	98.65	485
190684_1930356.fas	SAMEA4493245	0.9987	Neisseria meningitidis	23861	98.65	485
190683_1930355.fas	SAMEA4493245	0.9987	Neisseria meningitidis	23861	98.65	485
190673_1926231.fas	SAMEA4493245	0.9987	Neisseria meningitidis	23861	98.65	485
190682_1930357.fas	SAMEA3506859	0.9987	Neisseria meningitidis	25546	98.65	485
190673_1926231.fas	SAMEA3506859	0.9987	Neisseria meningitidis	25546	98.65	485
190683_1930355.fas	SAMEA3506859	0.9987	Neisseria meningitidis	25546	98.65	485
190685_1930358.fas	SAMEA4493244	0.9987	Neisseria meningitidis	24325	98.65	485
190682_1930357.fas	SAMEA4493245	0.9987	Neisseria meningitidis	23861	98.65	485
190685_1930358.fas	SAMEA4493245	0.9987	Neisseria meningitidis	23861	98.65	485
190684_1930356.fas	SAMEA4493244	0.9987	Neisseria meningitidis	24325	98.65	485
190683_1930355.fas	SAMEA4493244	0.9987	Neisseria meningitidis	24325	98.65	485
190684_1930356.fas	SAMEA104105468	0.9986	Neisseria meningitidis	60397	98.65	485
190673_1926231.fas	SAMEA104105468	0.9986	Neisseria meningitidis	60397	98.65	485
190682_1930357.fas	SAMEA112236989	0.9986	Neisseria meningitidis	52853	98.68	485
190685_1930358.fas	SAMEA112236989	0.9986	Neisseria meningitidis	52853	98.68	485
190683_1930355.fas	SAMEA112236989	0.9986	Neisseria meningitidis	52853	98.68	485
190673_1926231.fas	SAMEA112236989	0.9986	Neisseria meningitidis	52853	98.68	485
190683_1930355.fas	SAMEA104105468	0.9986	Neisseria meningitidis	60397	98.65	485
190682_1930357.fas	SAMEA104105468	0.9986	Neisseria meningitidis	60397	98.65	485
190684_1930356.fas	SAMEA112236989	0.9986	Neisseria meningitidis	52853	98.68	485
190685_1930358.fas	SAMEA104105468	0.9986	Neisseria meningitidis	60397	98.65	485
190683_1930355.fas	SAMEA111379215	0.9986	Neisseria meningitidis	63358	98.65	485
190685_1930358.fas	SAMEA114226812	0.9986	Neisseria meningitidis	45861	98.65	485
190673_1926231.fas	SAMEA111379215	0.9986	Neisseria meningitidis	63358	98.65	485
190682_1930357.fas	SAMEA114226812	0.9986	Neisseria meningitidis	45861	98.65	485
190683_1930355.fas	SAMEA114226812	0.9986	Neisseria meningitidis	45861	98.65	485
190684_1930356.fas	SAMEA111379215	0.9986	Neisseria meningitidis	63358	98.65	485
190673_1926231.fas	SAMEA114226812	0.9986	Neisseria meningitidis	45861	98.65	485
190685_1930358.fas	SAMEA111379215	0.9986	Neisseria meningitidis	63358	98.65	485
190682_1930357.fas	SAMEA111379215	0.9986	Neisseria meningitidis	63358	98.65	485
190684_1930356.fas	SAMEA114226812	0.9986	Neisseria meningitidis	45861	98.65	485
190685_1930358.fas	SAMEA114226783	0.9985	Neisseria meningitidis	54288	98.76	485
190682_1930357.fas	SAMEA114226783	0.9985	Neisseria meningitidis	54288	98.76	485
190685_1930358.fas	SAMEA111426022	0.9985	Neisseria meningitidis	60250	98.65	485
190684_1930356.fas	SAMEA111426022	0.9985	Neisseria meningitidis	60250	98.65	485
190682_1930357.fas	SAMEA111426022	0.9985	Neisseria meningitidis	60250	98.65	485
190684_1930356.fas	SAMEA111379153	0.9985	Neisseria meningitidis	53194	98.65	485
190685_1930358.fas	SAMEA111379153	0.9985	Neisseria meningitidis	53194	98.65	485
190683_1930355.fas	SAMEA114226783	0.9985	Neisseria meningitidis	54288	98.76	485
190673_1926231.fas	SAMEA114226783	0.9985	Neisseria meningitidis	54288	98.76	485
190673_1926231.fas	SAMEA111379153	0.9985	Neisseria meningitidis	53194	98.65	485
190682_1930357.fas	SAMEA111379153	0.9985	Neisseria meningitidis	53194	98.65	485
190684_1930356.fas	SAMEA114226783	0.9985	Neisseria meningitidis	54288	98.76	485
190683_1930355.fas	SAMEA111379153	0.9985	Neisseria meningitidis	53194	98.65	485
190673_1926231.fas	SAMEA111426022	0.9985	Neisseria meningitidis	60250	98.65	485
190683_1930355.fas	SAMEA111426022	0.9985	Neisseria meningitidis	60250	98.65	485
190673_1926231.fas	SAMEA110070764	0.9985	Neisseria meningitidis	51741	98.65	485
190682_1930357.fas	SAMEA110070764	0.9985	Neisseria meningitidis	51741	98.65	485
190685_1930358.fas	SAMEA110070764	0.9985	Neisseria meningitidis	51741	98.65	485
190684_1930356.fas	SAMEA110070764	0.9985	Neisseria meningitidis	51741	98.65	485
190683_1930355.fas	SAMEA110070764	0.9985	Neisseria meningitidis	51741	98.65	485
190684_1930356.fas	SAMEA2820853	0.9985	Neisseria meningitidis	68549	98.76	485
190683_1930355.fas	SAMEA3879243	0.9985	Neisseria meningitidis	27927	98.76	485
190673_1926231.fas	SAMEA3879243	0.9985	Neisseria meningitidis	27927	98.76	485
190682_1930357.fas	SAMEA3879243	0.9985	Neisseria meningitidis	27927	98.76	485
190673_1926231.fas	SAMEA112236986	0.9985	Neisseria meningitidis	54464	98.65	485
190683_1930355.fas	SAMEA112236986	0.9985	Neisseria meningitidis	54464	98.65	485
190685_1930358.fas	SAMEA3879243	0.9985	Neisseria meningitidis	27927	98.76	485
190684_1930356.fas	SAMEA3879243	0.9985	Neisseria meningitidis	27927	98.76	485
190682_1930357.fas	SAMEA112236986	0.9985	Neisseria meningitidis	54464	98.65	485
190685_1930358.fas	SAMEA112236986	0.9985	Neisseria meningitidis	54464	98.65	485
190682_1930357.fas	SAMEA2820853	0.9985	Neisseria meningitidis	68549	98.76	485
190673_1926231.fas	SAMEA2820853	0.9985	Neisseria meningitidis	68549	98.76	485
190684_1930356.fas	SAMEA6574443	0.9985	Neisseria meningitidis	60407	98.76	485
190685_1930358.fas	SAMEA6574443	0.9985	Neisseria meningitidis	60407	98.76	485
190682_1930357.fas	SAMEA6574443	0.9985	Neisseria meningitidis	60407	98.76	485
190673_1926231.fas	SAMEA6574443	0.9985	Neisseria meningitidis	60407	98.76	485
190683_1930355.fas	SAMEA6574443	0.9985	Neisseria meningitidis	60407	98.76	485
190683_1930355.fas	SAMEA2820853	0.9985	Neisseria meningitidis	68549	98.76	485
190685_1930358.fas	SAMEA2820853	0.9985	Neisseria meningitidis	68549	98.76	485
190684_1930356.fas	SAMEA112236986	0.9985	Neisseria meningitidis	54464	98.65	485
190685_1930358.fas	SAMEA6574460	0.9984	Neisseria meningitidis	60397	98.65	485
190684_1930356.fas	SAMEA6538714	0.9984	Neisseria meningitidis	63962	98.83	485
190673_1926231.fas	SAMEA5661057	0.9984	Neisseria meningitidis	60398	98.76	485
190682_1930357.fas	SAMEA5661057	0.9984	Neisseria meningitidis	60398	98.76	485
190685_1930358.fas	SAMEA5661057	0.9984	Neisseria meningitidis	60398	98.76	485
190685_1930358.fas	SAMEA6226976	0.9984	Neisseria meningitidis	54334	98.76	485
190673_1926231.fas	SAMEA6226976	0.9984	Neisseria meningitidis	54334	98.76	485
190683_1930355.fas	SAMEA6226976	0.9984	Neisseria meningitidis	54334	98.76	485
190683_1930355.fas	SAMEA6574460	0.9984	Neisseria meningitidis	60397	98.65	485
190684_1930356.fas	SAMEA113429896	0.9984	Neisseria meningitidis	65582	98.65	485
190685_1930358.fas	SAMEA113429896	0.9984	Neisseria meningitidis	65582	98.65	485
190684_1930356.fas	SAMEA5661057	0.9984	Neisseria meningitidis	60398	98.76	485
190682_1930357.fas	SAMEA113429896	0.9984	Neisseria meningitidis	65582	98.65	485
190684_1930356.fas	SAMEA6226976	0.9984	Neisseria meningitidis	54334	98.76	485
190685_1930358.fas	SAMEA5539665	0.9984	Neisseria meningitidis	63846	98.76	485
190682_1930357.fas	SAMEA5539665	0.9984	Neisseria meningitidis	63846	98.76	485
190684_1930356.fas	SAMEA113563127	0.9984	Neisseria meningitidis	65582	98.65	485
190685_1930358.fas	SAMEA113563127	0.9984	Neisseria meningitidis	65582	98.65	485
190682_1930357.fas	SAMEA113563127	0.9984	Neisseria meningitidis	65582	98.65	485
190673_1926231.fas	SAMEA5539665	0.9984	Neisseria meningitidis	63846	98.76	485
190673_1926231.fas	SAMEA113429896	0.9984	Neisseria meningitidis	65582	98.65	485
190684_1930356.fas	SAMEA8497868	0.9984	Neisseria meningitidis	54336	98.65	485
190685_1930358.fas	SAMEA8497868	0.9984	Neisseria meningitidis	54336	98.65	485
190682_1930357.fas	SAMEA8497868	0.9984	Neisseria meningitidis	54336	98.65	485
190673_1926231.fas	SAMEA8497868	0.9984	Neisseria meningitidis	54336	98.65	485
190683_1930355.fas	SAMEA5539665	0.9984	Neisseria meningitidis	63846	98.76	485
190684_1930356.fas	SAMEA4361233	0.9984	Neisseria meningitidis	23431	98.76	485
190673_1926231.fas	SAMEA113563127	0.9984	Neisseria meningitidis	65582	98.65	485
190683_1930355.fas	SAMEA113429896	0.9984	Neisseria meningitidis	65582	98.65	485
190673_1926231.fas	SAMEA6574460	0.9984	Neisseria meningitidis	60397	98.65	485
190683_1930355.fas	SAMEA113563127	0.9984	Neisseria meningitidis	65582	98.65	485
190683_1930355.fas	SAMEA4719127	0.9984	Neisseria meningitidis	58739	98.76	13705
190683_1930355.fas	SAMEA8497868	0.9984	Neisseria meningitidis	54336	98.65	485
190682_1930357.fas	SAMEA6574460	0.9984	Neisseria meningitidis	60397	98.65	485
190684_1930356.fas	SAMEA6574460	0.9984	Neisseria meningitidis	60397	98.65	485
190682_1930357.fas	SAMEA6226976	0.9984	Neisseria meningitidis	54334	98.76	485
190685_1930358.fas	SAMEA6538714	0.9984	Neisseria meningitidis	63962	98.83	485
190682_1930357.fas	SAMEA6538714	0.9984	Neisseria meningitidis	63962	98.83	485
190673_1926231.fas	SAMEA4719127	0.9984	Neisseria meningitidis	58739	98.76	13705
190682_1930357.fas	SAMEA4719127	0.9984	Neisseria meningitidis	58739	98.76	13705
190685_1930358.fas	SAMEA4719127	0.9984	Neisseria meningitidis	58739	98.76	13705
190683_1930355.fas	SAMEA4361233	0.9984	Neisseria meningitidis	23431	98.76	485
190684_1930356.fas	SAMEA4719127	0.9984	Neisseria meningitidis	58739	98.76	13705
190673_1926231.fas	SAMEA4361233	0.9984	Neisseria meningitidis	23431	98.76	485
190682_1930357.fas	SAMEA4361233	0.9984	Neisseria meningitidis	23431	98.76	485
190673_1926231.fas	SAMEA6538714	0.9984	Neisseria meningitidis	63962	98.83	485
190683_1930355.fas	SAMEA6538714	0.9984	Neisseria meningitidis	63962	98.83	485
190685_1930358.fas	SAMEA4361233	0.9984	Neisseria meningitidis	23431	98.76	485
190684_1930356.fas	SAMEA3432410	0.9984	Neisseria meningitidis	22976	98.76	485
190683_1930355.fas	SAMEA5661057	0.9984	Neisseria meningitidis	60398	98.76	485
190685_1930358.fas	SAMEA3432410	0.9984	Neisseria meningitidis	22976	98.76	485
190683_1930355.fas	SAMEA3432410	0.9984	Neisseria meningitidis	22976	98.76	485
190684_1930356.fas	SAMEA5539665	0.9984	Neisseria meningitidis	63846	98.76	485
190673_1926231.fas	SAMEA3432410	0.9984	Neisseria meningitidis	22976	98.76	485
190682_1930357.fas	SAMEA3432410	0.9984	Neisseria meningitidis	22976	98.76	485
190684_1930356.fas	SAMEA4719331	0.9984	Neisseria meningitidis	51691	98.76	485
190685_1930358.fas	SAMEA4719331	0.9984	Neisseria meningitidis	51691	98.76	485
190682_1930357.fas	SAMEA4719331	0.9984	Neisseria meningitidis	51691	98.76	485
190684_1930356.fas	SAMEA8497670	0.9984	Neisseria meningitidis	64058	98.76	485
190685_1930358.fas	SAMEA8497670	0.9984	Neisseria meningitidis	64058	98.76	485
190682_1930357.fas	SAMEA8497670	0.9984	Neisseria meningitidis	64058	98.76	485
190673_1926231.fas	SAMEA4719331	0.9984	Neisseria meningitidis	51691	98.76	485
190683_1930355.fas	SAMEA4719331	0.9984	Neisseria meningitidis	51691	98.76	485
190673_1926231.fas	SAMEA8497872	0.9984	Neisseria meningitidis	60397	98.65	485
190683_1930355.fas	SAMEA113562959	0.9984	Neisseria meningitidis	63867	98.76	485
190673_1926231.fas	SAMEA113562959	0.9984	Neisseria meningitidis	63867	98.76	485
190683_1930355.fas	SAMEA8497872	0.9984	Neisseria meningitidis	60397	98.65	485
190682_1930357.fas	SAMEA113562959	0.9984	Neisseria meningitidis	63867	98.76	485
190683_1930355.fas	SAMEA6226956	0.9984	Neisseria meningitidis	53565	98.76	485
190683_1930355.fas	SAMEA104105296	0.9984	Neisseria meningitidis	54144	98.76	485
190673_1926231.fas	SAMEA104105296	0.9984	Neisseria meningitidis	54144	98.76	485
190682_1930357.fas	SAMEA8497872	0.9984	Neisseria meningitidis	60397	98.65	485
190685_1930358.fas	SAMEA8497872	0.9984	Neisseria meningitidis	60397	98.65	485
190684_1930356.fas	SAMEA8497872	0.9984	Neisseria meningitidis	60397	98.65	485
190684_1930356.fas	SAMEA5661339	0.9984	Neisseria meningitidis	60249	98.65	485
190685_1930358.fas	SAMEA5661339	0.9984	Neisseria meningitidis	60249	98.65	485
190682_1930357.fas	SAMEA5661339	0.9984	Neisseria meningitidis	60249	98.65	485
190673_1926231.fas	SAMEA8497670	0.9984	Neisseria meningitidis	64058	98.76	485
190683_1930355.fas	SAMEA8497670	0.9984	Neisseria meningitidis	64058	98.76	485
190673_1926231.fas	SAMEA5661339	0.9984	Neisseria meningitidis	60249	98.65	485
190683_1930355.fas	SAMEA5661339	0.9984	Neisseria meningitidis	60249	98.65	485
190682_1930357.fas	SAMEA104105296	0.9984	Neisseria meningitidis	54144	98.76	485
190685_1930358.fas	SAMEA104105296	0.9984	Neisseria meningitidis	54144	98.76	485
190684_1930356.fas	SAMEA104105296	0.9984	Neisseria meningitidis	54144	98.76	485
190685_1930358.fas	SAMEA113562959	0.9984	Neisseria meningitidis	63867	98.76	485
190684_1930356.fas	SAMEA4719485	0.9984	Neisseria meningitidis	68286	98.65	485
190685_1930358.fas	SAMEA4719485	0.9984	Neisseria meningitidis	68286	98.65	485
190682_1930357.fas	SAMEA4719485	0.9984	Neisseria meningitidis	68286	98.65	485
190673_1926231.fas	SAMEA4719485	0.9984	Neisseria meningitidis	68286	98.65	485
190683_1930355.fas	SAMEA4719485	0.9984	Neisseria meningitidis	68286	98.65	485
190684_1930356.fas	SAMEA113562959	0.9984	Neisseria meningitidis	63867	98.76	485
190673_1926231.fas	SAMEA6226956	0.9984	Neisseria meningitidis	53565	98.76	485
190682_1930357.fas	SAMEA6226956	0.9984	Neisseria meningitidis	53565	98.76	485
190685_1930358.fas	SAMEA6226956	0.9984	Neisseria meningitidis	53565	98.76	485
190684_1930356.fas	SAMEA6226956	0.9984	Neisseria meningitidis	53565	98.76	485
190685_1930358.fas	SAMEA8497722	0.9984	Neisseria meningitidis	60398	98.65	485
190683_1930355.fas	SAMEA8497722	0.9984	Neisseria meningitidis	60398	98.65	485
190685_1930358.fas	SAMEA110070705	0.9984	Neisseria meningitidis	54666	98.65	485
190682_1930357.fas	SAMEA110070705	0.9984	Neisseria meningitidis	54666	98.65	485
190673_1926231.fas	SAMEA6227174	0.9984	Neisseria meningitidis	64049	98.76	485
190683_1930355.fas	SAMEA6227174	0.9984	Neisseria meningitidis	64049	98.76	485
190682_1930357.fas	SAMEA6227174	0.9984	Neisseria meningitidis	64049	98.76	485
190673_1926231.fas	SAMEA112237037	0.9984	Neisseria meningitidis	60428	98.76	485
190685_1930358.fas	SAMEA6227174	0.9984	Neisseria meningitidis	64049	98.76	485
190684_1930356.fas	SAMEA6227174	0.9984	Neisseria meningitidis	64049	98.76	485
190682_1930357.fas	SAMEA112237037	0.9984	Neisseria meningitidis	60428	98.76	485
190682_1930357.fas	SAMEA8497669	0.9984	Neisseria meningitidis	50825	98.8	485
190685_1930358.fas	SAMEA8497669	0.9984	Neisseria meningitidis	50825	98.8	485
190684_1930356.fas	SAMEA8497669	0.9984	Neisseria meningitidis	50825	98.8	485
190673_1926231.fas	SAMEA110070705	0.9984	Neisseria meningitidis	54666	98.65	485
190683_1930355.fas	SAMEA104105479	0.9984	Neisseria meningitidis	66845	98.76	485
190673_1926231.fas	SAMEA104105479	0.9984	Neisseria meningitidis	66845	98.76	485
190682_1930357.fas	SAMEA104105479	0.9984	Neisseria meningitidis	66845	98.76	485
190685_1930358.fas	SAMEA104105479	0.9984	Neisseria meningitidis	66845	98.76	485
190684_1930356.fas	SAMEA104105479	0.9984	Neisseria meningitidis	66845	98.76	485
190683_1930355.fas	SAMEA110070705	0.9984	Neisseria meningitidis	54666	98.65	485
190685_1930358.fas	SAMEA112237037	0.9984	Neisseria meningitidis	60428	98.76	485
190683_1930355.fas	SAMEA112237037	0.9984	Neisseria meningitidis	60428	98.76	485
190683_1930355.fas	SAMEA3879329	0.9984	Neisseria meningitidis	24801	98.65	485
190673_1926231.fas	SAMEA3879329	0.9984	Neisseria meningitidis	24801	98.65	485
190682_1930357.fas	SAMEA3879329	0.9984	Neisseria meningitidis	24801	98.65	485
190685_1930358.fas	SAMEA3879329	0.9984	Neisseria meningitidis	24801	98.65	485
190684_1930356.fas	SAMEA112237037	0.9984	Neisseria meningitidis	60428	98.76	485
190684_1930356.fas	SAMEA110070705	0.9984	Neisseria meningitidis	54666	98.65	485
190683_1930355.fas	SAMEA114226776	0.9984	Neisseria meningitidis	64154	98.76	485
190683_1930355.fas	SAMEA5539667	0.9984	Neisseria meningitidis	63969	98.76	485
190684_1930356.fas	SAMEA3947166	0.9984	Neisseria meningitidis	28028	98.65	485
190685_1930358.fas	SAMEA3947166	0.9984	Neisseria meningitidis	28028	98.65	485
190684_1930356.fas	SAMEA3879329	0.9984	Neisseria meningitidis	24801	98.65	485
190673_1926231.fas	SAMEA114226776	0.9984	Neisseria meningitidis	64154	98.76	485
190682_1930357.fas	SAMEA3947166	0.9984	Neisseria meningitidis	28028	98.65	485
190673_1926231.fas	SAMEA3947166	0.9984	Neisseria meningitidis	28028	98.65	485
190683_1930355.fas	SAMEA3947166	0.9984	Neisseria meningitidis	28028	98.65	485
190684_1930356.fas	SAMEA8497722	0.9984	Neisseria meningitidis	60398	98.65	485
190673_1926231.fas	SAMEA8497669	0.9984	Neisseria meningitidis	50825	98.8	485
190682_1930357.fas	SAMEA8497722	0.9984	Neisseria meningitidis	60398	98.65	485
190683_1930355.fas	SAMEA8497669	0.9984	Neisseria meningitidis	50825	98.8	485
190673_1926231.fas	SAMEA8497722	0.9984	Neisseria meningitidis	60398	98.65	485
190673_1926231.fas	SAMEA5539667	0.9984	Neisseria meningitidis	63969	98.76	485
190682_1930357.fas	SAMEA5539667	0.9984	Neisseria meningitidis	63969	98.76	485
190685_1930358.fas	SAMEA5539667	0.9984	Neisseria meningitidis	63969	98.76	485
190682_1930357.fas	SAMEA114226776	0.9984	Neisseria meningitidis	64154	98.76	485
190685_1930358.fas	SAMEA114226776	0.9984	Neisseria meningitidis	64154	98.76	485
190684_1930356.fas	SAMEA114226776	0.9984	Neisseria meningitidis	64154	98.76	485
190684_1930356.fas	SAMEA5539667	0.9984	Neisseria meningitidis	63969	98.76	485
190684_1930356.fas	SAMEA8497814	0.9984	Neisseria meningitidis	60400	98.76	485
190685_1930358.fas	SAMEA8497814	0.9984	Neisseria meningitidis	60400	98.76	485
190682_1930357.fas	SAMEA8497814	0.9984	Neisseria meningitidis	60400	98.76	485
190673_1926231.fas	SAMEA8497814	0.9984	Neisseria meningitidis	60400	98.76	485
190683_1930355.fas	SAMEA8497814	0.9984	Neisseria meningitidis	60400	98.76	485
190682_1930357.fas	SAMEA3507222	0.9984	Neisseria meningitidis	26231	98.65	485
190684_1930356.fas	SAMEA104105265	0.9984	Neisseria meningitidis	60393	98.65	485
190684_1930356.fas	SAMEA110070787	0.9984	Neisseria meningitidis	50855	98.76	485
190685_1930358.fas	SAMEA110070787	0.9984	Neisseria meningitidis	50855	98.76	485
190685_1930358.fas	SAMEA5661206	0.9984	Neisseria meningitidis	63967	98.51	485
190673_1926231.fas	SAMEA3507222	0.9984	Neisseria meningitidis	26231	98.65	485
190682_1930357.fas	SAMEA110070787	0.9984	Neisseria meningitidis	50855	98.76	485
190673_1926231.fas	SAMEA110070787	0.9984	Neisseria meningitidis	50855	98.76	485
190683_1930355.fas	SAMEA3507222	0.9984	Neisseria meningitidis	26231	98.65	485
190685_1930358.fas	SAMEA3507131	0.9984	Neisseria meningitidis	28121	98.65	485
190683_1930355.fas	SAMEA110070787	0.9984	Neisseria meningitidis	50855	98.76	485
190683_1930355.fas	SAMEA104105265	0.9984	Neisseria meningitidis	60393	98.65	485
190673_1926231.fas	SAMEA104105265	0.9984	Neisseria meningitidis	60393	98.65	485
190685_1930358.fas	SAMEA3507222	0.9984	Neisseria meningitidis	26231	98.65	485
190685_1930358.fas	SAMEA104105265	0.9984	Neisseria meningitidis	60393	98.65	485
190684_1930356.fas	SAMEA3507222	0.9984	Neisseria meningitidis	26231	98.65	485
190683_1930355.fas	SAMEA3432401	0.9984	Neisseria meningitidis	22126	98.65	485
190673_1926231.fas	SAMEA3432401	0.9984	Neisseria meningitidis	22126	98.65	485
190682_1930357.fas	SAMEA3432401	0.9984	Neisseria meningitidis	22126	98.65	485
190685_1930358.fas	SAMEA3432401	0.9984	Neisseria meningitidis	22126	98.65	485
190684_1930356.fas	SAMEA3432401	0.9984	Neisseria meningitidis	22126	98.65	485
190682_1930357.fas	SAMEA3507131	0.9984	Neisseria meningitidis	28121	98.65	485
190683_1930355.fas	SAMEA3507131	0.9984	Neisseria meningitidis	28121	98.65	485
190673_1926231.fas	SAMEA3507131	0.9984	Neisseria meningitidis	28121	98.65	485
190682_1930357.fas	SAMEA104105265	0.9984	Neisseria meningitidis	60393	98.65	485
190683_1930355.fas	SAMEA5661206	0.9984	Neisseria meningitidis	63967	98.51	485
190673_1926231.fas	SAMEA5661206	0.9984	Neisseria meningitidis	63967	98.51	485
190683_1930355.fas	SAMEA3506972	0.9984	Neisseria meningitidis	27750	98.76	485
190684_1930356.fas	SAMEA3507131	0.9984	Neisseria meningitidis	28121	98.65	485
190682_1930357.fas	SAMEA5661206	0.9984	Neisseria meningitidis	63967	98.51	485
190684_1930356.fas	SAMEA8497755	0.9984	Neisseria meningitidis	58677	98.65	485
190685_1930358.fas	SAMEA8497755	0.9984	Neisseria meningitidis	58677	98.65	485
190682_1930357.fas	SAMEA8497755	0.9984	Neisseria meningitidis	58677	98.65	485
190673_1926231.fas	SAMEA8497755	0.9984	Neisseria meningitidis	58677	98.65	485
190684_1930356.fas	SAMEA3506972	0.9984	Neisseria meningitidis	27750	98.76	485
190684_1930356.fas	SAMEA3507276	0.9984	Neisseria meningitidis	27926	98.65	485
190685_1930358.fas	SAMEA3507276	0.9984	Neisseria meningitidis	27926	98.65	485
190682_1930357.fas	SAMEA3507276	0.9984	Neisseria meningitidis	27926	98.65	485
190684_1930356.fas	SAMEA5661206	0.9984	Neisseria meningitidis	63967	98.51	485
190673_1926231.fas	SAMEA3507276	0.9984	Neisseria meningitidis	27926	98.65	485
190683_1930355.fas	SAMEA3507276	0.9984	Neisseria meningitidis	27926	98.65	485
190683_1930355.fas	SAMEA8497755	0.9984	Neisseria meningitidis	58677	98.65	485
190685_1930358.fas	SAMEA3506972	0.9984	Neisseria meningitidis	27750	98.76	485
190682_1930357.fas	SAMEA3506972	0.9984	Neisseria meningitidis	27750	98.76	485
190673_1926231.fas	SAMEA3506972	0.9984	Neisseria meningitidis	27750	98.76	485
190673_1926231.fas	SAMEA3497513	0.9983	Neisseria meningitidis	60393	98.65	485
190684_1930356.fas	SAMEA111509721	0.9983	Neisseria meningitidis	60412	98.76	485
190685_1930358.fas	SAMEA111509721	0.9983	Neisseria meningitidis	60412	98.76	485
190682_1930357.fas	SAMEA111509721	0.9983	Neisseria meningitidis	60412	98.76	485
190673_1926231.fas	SAMEA111509721	0.9983	Neisseria meningitidis	60412	98.76	485
190683_1930355.fas	SAMEA111509721	0.9983	Neisseria meningitidis	60412	98.76	485
190685_1930358.fas	SAMEA3432032	0.9983	Neisseria meningitidis	23041	98.65	485
190682_1930357.fas	SAMEA3432032	0.9983	Neisseria meningitidis	23041	98.65	485
190673_1926231.fas	SAMEA3432032	0.9983	Neisseria meningitidis	23041	98.65	485
190683_1930355.fas	SAMEA3432032	0.9983	Neisseria meningitidis	23041	98.65	485
190673_1926231.fas	SAMEA3432178	0.9983	Neisseria meningitidis	24815	98.76	485
190683_1930355.fas	SAMEA114226828	0.9983	Neisseria meningitidis	60281	98.76	485
190682_1930357.fas	SAMEA3432178	0.9983	Neisseria meningitidis	24815	98.76	485
190685_1930358.fas	SAMEA3432178	0.9983	Neisseria meningitidis	24815	98.76	485
190684_1930356.fas	SAMEA3432178	0.9983	Neisseria meningitidis	24815	98.76	485
190673_1926231.fas	SAMEA114226828	0.9983	Neisseria meningitidis	60281	98.76	485
190682_1930357.fas	SAMEA114226828	0.9983	Neisseria meningitidis	60281	98.76	485
190685_1930358.fas	SAMEA114226828	0.9983	Neisseria meningitidis	60281	98.76	485
190684_1930356.fas	SAMEA114226828	0.9983	Neisseria meningitidis	60281	98.76	485
190684_1930356.fas	SAMEA1523054	0.9983	Neisseria meningitidis	33121	98.76	485
190685_1930358.fas	SAMEA1523054	0.9983	Neisseria meningitidis	33121	98.76	485
190682_1930357.fas	SAMEA1523054	0.9983	Neisseria meningitidis	33121	98.76	485
190683_1930355.fas	SAMEA3947167	0.9983	Neisseria meningitidis	32515	98.76	485
190673_1926231.fas	SAMEA3947167	0.9983	Neisseria meningitidis	32515	98.76	485
190682_1930357.fas	SAMEA3947167	0.9983	Neisseria meningitidis	32515	98.76	485
190673_1926231.fas	SAMEA1523054	0.9983	Neisseria meningitidis	33121	98.76	485
190685_1930358.fas	SAMEA3947167	0.9983	Neisseria meningitidis	32515	98.76	485
190684_1930356.fas	SAMEA3947167	0.9983	Neisseria meningitidis	32515	98.76	485
190683_1930355.fas	SAMEA1523054	0.9983	Neisseria meningitidis	33121	98.76	485
190683_1930355.fas	SAMEA3432178	0.9983	Neisseria meningitidis	24815	98.76	485
190683_1930355.fas	SAMEA4719177	0.9983	Neisseria meningitidis	58655	98.65	485
190673_1926231.fas	SAMEA4719177	0.9983	Neisseria meningitidis	58655	98.65	485
190682_1930357.fas	SAMEA4719177	0.9983	Neisseria meningitidis	58655	98.65	485
190685_1930358.fas	SAMEA4719177	0.9983	Neisseria meningitidis	58655	98.65	485
190684_1930356.fas	SAMEA4719177	0.9983	Neisseria meningitidis	58655	98.65	485
190683_1930355.fas	SAMEA1904483	0.9983	Neisseria meningitidis	29843	98.65	485
190683_1930355.fas	SAMEA1523152	0.9983	Neisseria meningitidis	29786	98.76	485
190673_1926231.fas	SAMEA1523152	0.9983	Neisseria meningitidis	29786	98.76	485
190682_1930357.fas	SAMEA1523152	0.9983	Neisseria meningitidis	29786	98.76	485
190685_1930358.fas	SAMEA1523152	0.9983	Neisseria meningitidis	29786	98.76	485
190684_1930356.fas	SAMEA3432032	0.9983	Neisseria meningitidis	23041	98.65	485
190684_1930356.fas	SAMEA1523152	0.9983	Neisseria meningitidis	29786	98.76	485
190684_1930356.fas	SAMEA104105345	0.9983	Neisseria meningitidis	51147	98.76	485
190685_1930358.fas	SAMEA104105345	0.9983	Neisseria meningitidis	51147	98.76	485
190682_1930357.fas	SAMEA104105345	0.9983	Neisseria meningitidis	51147	98.76	485
190673_1926231.fas	SAMEA104105345	0.9983	Neisseria meningitidis	51147	98.76	485
190683_1930355.fas	SAMEA104105345	0.9983	Neisseria meningitidis	51147	98.76	485
190683_1930355.fas	SAMEA6226958	0.9983	Neisseria meningitidis	63970	98.76	485
190683_1930355.fas	SAMEA3497513	0.9983	Neisseria meningitidis	60393	98.65	485
190682_1930357.fas	SAMEA3497513	0.9983	Neisseria meningitidis	60393	98.65	485
190685_1930358.fas	SAMEA3497513	0.9983	Neisseria meningitidis	60393	98.65	485
190684_1930356.fas	SAMEA1530122	0.9983	Neisseria meningitidis	37339	98.65	485
190684_1930356.fas	SAMEA4719151	0.9983	Neisseria meningitidis	55455	98.65	485
190685_1930358.fas	SAMEA4719151	0.9983	Neisseria meningitidis	55455	98.65	485
190682_1930357.fas	SAMEA4719151	0.9983	Neisseria meningitidis	55455	98.65	485
190673_1926231.fas	SAMEA4719151	0.9983	Neisseria meningitidis	55455	98.65	485
190683_1930355.fas	SAMEA4719151	0.9983	Neisseria meningitidis	55455	98.65	485
190684_1930356.fas	SAMEA3497513	0.9983	Neisseria meningitidis	60393	98.65	485
190673_1926231.fas	SAMEA6226958	0.9983	Neisseria meningitidis	63970	98.76	485
190682_1930357.fas	SAMEA6226958	0.9983	Neisseria meningitidis	63970	98.76	485
190685_1930358.fas	SAMEA6226958	0.9983	Neisseria meningitidis	63970	98.76	485
190684_1930356.fas	SAMEA6226958	0.9983	Neisseria meningitidis	63970	98.76	485
190684_1930356.fas	SAMEA4361279	0.9983	Neisseria meningitidis	22976	98.65	485
190685_1930358.fas	SAMEA4361279	0.9983	Neisseria meningitidis	22976	98.65	485
190683_1930355.fas	SAMEA1530122	0.9983	Neisseria meningitidis	37339	98.65	485
190673_1926231.fas	SAMEA1530122	0.9983	Neisseria meningitidis	37339	98.65	485
190682_1930357.fas	SAMEA1530122	0.9983	Neisseria meningitidis	37339	98.65	485
190682_1930357.fas	SAMEA4361279	0.9983	Neisseria meningitidis	22976	98.65	485
190685_1930358.fas	SAMEA1530122	0.9983	Neisseria meningitidis	37339	98.65	485
190684_1930356.fas	SAMEA1904483	0.9983	Neisseria meningitidis	29843	98.65	485
190673_1926231.fas	SAMEA4361279	0.9983	Neisseria meningitidis	22976	98.65	485
190685_1930358.fas	SAMEA1904483	0.9983	Neisseria meningitidis	29843	98.65	485
190683_1930355.fas	SAMEA4361279	0.9983	Neisseria meningitidis	22976	98.65	485
190682_1930357.fas	SAMEA1904483	0.9983	Neisseria meningitidis	29843	98.65	485
190673_1926231.fas	SAMEA1904483	0.9983	Neisseria meningitidis	29843	98.65	485
190682_1930357.fas	SAMEA102460918	0.9983	Neisseria meningitidis	58727	98.65	485
190683_1930355.fas	SAMEA102460918	0.9983	Neisseria meningitidis	58727	98.65	485
190685_1930358.fas	SAMEA6227145	0.9983	Neisseria meningitidis	59494	98.76	485
190682_1930357.fas	SAMEA6227145	0.9983	Neisseria meningitidis	59494	98.76	485
190673_1926231.fas	SAMEA6227145	0.9983	Neisseria meningitidis	59494	98.76	485
190683_1930355.fas	SAMEA6227145	0.9983	Neisseria meningitidis	59494	98.76	485
190684_1930356.fas	SAMEA3879270	0.9983	Neisseria meningitidis	27921	98.76	485
190685_1930358.fas	SAMEA3879270	0.9983	Neisseria meningitidis	27921	98.76	485
190682_1930357.fas	SAMEA3879270	0.9983	Neisseria meningitidis	27921	98.76	485
190673_1926231.fas	SAMEA3879270	0.9983	Neisseria meningitidis	27921	98.76	485
190683_1930355.fas	SAMEA3879270	0.9983	Neisseria meningitidis	27921	98.76	485
190684_1930356.fas	SAMEA102460918	0.9983	Neisseria meningitidis	58727	98.65	485
190685_1930358.fas	SAMEA102460918	0.9983	Neisseria meningitidis	58727	98.65	485
190673_1926231.fas	SAMEA102460918	0.9983	Neisseria meningitidis	58727	98.65	485
190684_1930356.fas	SAMEA6227145	0.9983	Neisseria meningitidis	59494	98.76	485
190682_1930357.fas	SAMEA6227128	0.9983	Neisseria meningitidis	60319	98.76	485
190683_1930355.fas	SAMEA3650378	0.9983	Neisseria meningitidis	38029	98.65	485
190673_1926231.fas	SAMEA6227128	0.9983	Neisseria meningitidis	60319	98.76	485
190685_1930358.fas	SAMEA6227128	0.9983	Neisseria meningitidis	60319	98.76	485
190684_1930356.fas	SAMEA6227128	0.9983	Neisseria meningitidis	60319	98.76	485
190684_1930356.fas	SAMEA3506854	0.9983	Neisseria meningitidis	24691	98.76	485
190684_1930356.fas	SAMEA112237025	0.9983	Neisseria meningitidis	63114	98.65	485
190685_1930358.fas	SAMEA112237025	0.9983	Neisseria meningitidis	63114	98.65	485
190682_1930357.fas	SAMEA112237025	0.9983	Neisseria meningitidis	63114	98.65	485
190685_1930358.fas	SAMEA3506854	0.9983	Neisseria meningitidis	24691	98.76	485
190682_1930357.fas	SAMEA3506854	0.9983	Neisseria meningitidis	24691	98.76	485
190673_1926231.fas	SAMEA3506854	0.9983	Neisseria meningitidis	24691	98.76	485
190673_1926231.fas	SAMEA112237025	0.9983	Neisseria meningitidis	63114	98.65	485
190683_1930355.fas	SAMEA3506854	0.9983	Neisseria meningitidis	24691	98.76	485
190683_1930355.fas	SAMEA1523174	0.9983	Neisseria meningitidis	29883	98.65	485
190684_1930356.fas	SAMEA3650378	0.9983	Neisseria meningitidis	38029	98.65	485
190685_1930358.fas	SAMEA3650378	0.9983	Neisseria meningitidis	38029	98.65	485
190682_1930357.fas	SAMEA3650378	0.9983	Neisseria meningitidis	38029	98.65	485
190673_1926231.fas	SAMEA3650378	0.9983	Neisseria meningitidis	38029	98.65	485
190683_1930355.fas	SAMEA6227128	0.9983	Neisseria meningitidis	60319	98.76	485
190683_1930355.fas	SAMEA112236981	0.9983	Neisseria meningitidis	31474	98.76	16827
190673_1926231.fas	SAMEA112236981	0.9983	Neisseria meningitidis	31474	98.76	16827
190682_1930357.fas	SAMEA112236981	0.9983	Neisseria meningitidis	31474	98.76	16827
190685_1930358.fas	SAMEA112236981	0.9983	Neisseria meningitidis	31474	98.76	16827
190684_1930356.fas	SAMEA112236981	0.9983	Neisseria meningitidis	31474	98.76	16827
190683_1930355.fas	SAMEA112237025	0.9983	Neisseria meningitidis	63114	98.65	485
190684_1930356.fas	SAMEA4719569	0.9983	Neisseria meningitidis	60143	98.76	485
190685_1930358.fas	SAMEA4719569	0.9983	Neisseria meningitidis	60143	98.76	485
190682_1930357.fas	SAMEA4719569	0.9983	Neisseria meningitidis	60143	98.76	485
190684_1930356.fas	SAMEA110070782	0.9983	Neisseria meningitidis	46390	98.76	485
190685_1930358.fas	SAMEA110070782	0.9983	Neisseria meningitidis	46390	98.76	485
190682_1930357.fas	SAMEA110070782	0.9983	Neisseria meningitidis	46390	98.76	485
190673_1926231.fas	SAMEA110070782	0.9983	Neisseria meningitidis	46390	98.76	485
190683_1930355.fas	SAMEA110070782	0.9983	Neisseria meningitidis	46390	98.76	485
190673_1926231.fas	SAMEA4719569	0.9983	Neisseria meningitidis	60143	98.76	485
190683_1930355.fas	SAMEA4719569	0.9983	Neisseria meningitidis	60143	98.76	485
190673_1926231.fas	SAMEA1523174	0.9983	Neisseria meningitidis	29883	98.65	485
190682_1930357.fas	SAMEA1523174	0.9983	Neisseria meningitidis	29883	98.65	485
190685_1930358.fas	SAMEA1523174	0.9983	Neisseria meningitidis	29883	98.65	485
190684_1930356.fas	SAMEA1523174	0.9983	Neisseria meningitidis	29883	98.65	485
190673_1926231.fas	SAMEA110070761	0.9982	Neisseria meningitidis	60430	98.65	485
190685_1930358.fas	SAMEA6227209	0.9982	Neisseria meningitidis	64174	98.76	485
190682_1930357.fas	SAMEA4719095	0.9982	Neisseria meningitidis	60391	98.65	13703
190684_1930356.fas	SAMEA5539634	0.9982	Neisseria meningitidis	51550	98.65	485
190673_1926231.fas	SAMEA4719095	0.9982	Neisseria meningitidis	60391	98.65	13703
190683_1930355.fas	SAMEA4719095	0.9982	Neisseria meningitidis	60391	98.65	13703
190685_1930358.fas	SAMEA5539634	0.9982	Neisseria meningitidis	51550	98.65	485
190682_1930357.fas	SAMEA5539634	0.9982	Neisseria meningitidis	51550	98.65	485
190673_1926231.fas	SAMEA5539634	0.9982	Neisseria meningitidis	51550	98.65	485
190683_1930355.fas	SAMEA5539634	0.9982	Neisseria meningitidis	51550	98.65	485
190685_1930358.fas	SAMEA4719095	0.9982	Neisseria meningitidis	60391	98.65	13703
190684_1930356.fas	SAMEA4719095	0.9982	Neisseria meningitidis	60391	98.65	13703
190684_1930356.fas	SAMEA6227209	0.9982	Neisseria meningitidis	64174	98.76	485
190682_1930357.fas	SAMEA6227209	0.9982	Neisseria meningitidis	64174	98.76	485
190673_1926231.fas	SAMEA6227209	0.9982	Neisseria meningitidis	64174	98.76	485
190683_1930355.fas	SAMEA6227209	0.9982	Neisseria meningitidis	64174	98.76	485
190684_1930356.fas	SAMEA110070761	0.9982	Neisseria meningitidis	60430	98.65	485
190685_1930358.fas	SAMEA110070761	0.9982	Neisseria meningitidis	60430	98.65	485
190682_1930357.fas	SAMEA110070761	0.9982	Neisseria meningitidis	60430	98.65	485
190683_1930355.fas	SAMEA110070761	0.9982	Neisseria meningitidis	60430	98.65	485
190683_1930355.fas	SAMEA6227096	0.9982	Neisseria meningitidis	60428	98.76	485
190684_1930356.fas	SAMEA112237008	0.9982	Neisseria meningitidis	28450	98.65	485
190685_1930358.fas	SAMEA112237008	0.9982	Neisseria meningitidis	28450	98.65	485
190682_1930357.fas	SAMEA112237008	0.9982	Neisseria meningitidis	28450	98.65	485
190673_1926231.fas	SAMEA112237008	0.9982	Neisseria meningitidis	28450	98.65	485
190673_1926231.fas	SAMEA6227096	0.9982	Neisseria meningitidis	60428	98.76	485
190682_1930357.fas	SAMEA6227096	0.9982	Neisseria meningitidis	60428	98.76	485
190685_1930358.fas	SAMEA6227096	0.9982	Neisseria meningitidis	60428	98.76	485
190684_1930356.fas	SAMEA6227096	0.9982	Neisseria meningitidis	60428	98.76	485
190683_1930355.fas	SAMEA112237008	0.9982	Neisseria meningitidis	28450	98.65	485
